107100004731	,三八新村,3室1厅,90平米,2800
107002166796	,丽水雅苑北苑,3室1厅,81平米,1100
107001537264	,鸿音广场,1室0厅,49平米,1300
107002472870	,万达广场(周浦),1室1厅,57平米,3000
107002408346	,梅花路169弄,3室2厅,109平米,3000
107002265768	,远洋万和四季,3室1厅,100平米,1700
107100029434	,万达广场(周浦),1室1厅,54平米,3100
107100040154	,古佳苑,1室1厅,59平米,1300
107001236226	,汇锦城二期,3室1厅,90平米,2400
107001253904	,德盈佳园,3室2厅,130平米,1500
107002077796	,人民东路2785弄,2室2厅,113平米,3200
107001281072	,德盈佳园,2室2厅,91平米,2200
107002443348	,泰燕华庭,2室2厅,94平米,2800
107002462906	,万达广场(周浦),1室1厅,56平米,2800
107100033650	,乾耀东港,3室2厅,122平米,1300
107100096547	,东南三村,2室1厅,67平米,3200
107100053228	,丝庐雅苑(公寓),2室2厅,89平米,1800
107100204946	,祝和苑,1室1厅,53平米,2200
107100197530	,禹洲商业广场,1室1厅,56平米,2200
107002218562	,丽水雅苑北苑,3室1厅,83平米,1000
107002361690	,康敏苑,2室2厅,105平米,1800
107002335420	,人生港湾南欧城,3室2厅,115平米,3200
107002214960	,云帆佳苑,2室2厅,82平米,1000
107001835814	,爱盛家园,2室2厅,113平米,3000
107002413260	,长城珑湾,1室1厅,69平米,2400
107100097568	,乾耀东港,2室1厅,86平米,2000
107002514250	,工农南路59弄,2室2厅,97平米,2500
107001098912	,艺泰安邦,3室2厅,133平米,3500
107002449234	,绿地峰汇,1室1厅,55平米,2700
107002454026	,潼港五村,3室2厅,105平米,3600
107002578372	,千汇苑,3室2厅,125平米,2500
107002024140	,东三小区,1室1厅,40平米,3600
107002528324	,城南东路154弄,2室2厅,115平米,2200
107002308372	,汇腾南苑,3室2厅,115平米,2800
107002227692	,金海商业广场,1室1厅,56平米,3500
107100056400	,航城园,2室1厅,82平米,2200
107000111998	,城基路148弄,3室2厅,136平米,3200
107100005344	,三八路110弄,2室2厅,114平米,2800
107002475652	,工农新村(新场),2室1厅,60平米,2300
107002536218	,航城园,3室2厅,114平米,3000
107100006075	,航城园,2室1厅,82平米,1800
107100076941	,百花新村,2室2厅,85平米,3800
107100108658	,南粮新村,2室2厅,100平米,2400
107100156710	,德盈佳园,2室1厅,60平米,2100
107100188915	,人生港湾南欧城,2室2厅,105平米,3200
107100222958	,丝庐雅苑(公寓),2室2厅,88平米,1500
107100281593	,绿地峰汇,2室1厅,52平米,2000
107100283059	,粤亮湾景苑,1室1厅,60平米,2000
107100304647	,东城花苑一村,2室2厅,96平米,2800
107100324479	,龙源星城,1室1厅,60平米,2400
107000723250	,金源商厦,3室2厅,105平米,2900
107002266144	,徐家宅41号,3室1厅,125平米,3000
107002399846	,农场路16号,3室1厅,100平米,2500
107100055187	,海尚康庭,2室2厅,73平米,2500
107100101285	,禹洲商业广场,1室1厅,56平米,2200
107100044380	,荡湾新村,2室1厅,54平米,1800
107100130943	,思凡花苑六街坊,3室1厅,99平米,2800
107100161574	,千汇苑二村,2室2厅,80平米,1500
107100162224	,德盈佳园,2室2厅,82平米,2000
107100034156	,东方城市豪庭,3室2厅,108平米,2000
107100316585	,华盛新村,3室2厅,97平米,2200
107002423618	,华汇公寓,4室3厅,154平米,3500
107002167090	,新舒苑,3室2厅,124平米,1000
107002357658	,阳光城丽景湾PLUS,2室2厅,89平米,3500
107002295120	,潼港一村,2室1厅,70平米,3000
107001955966	,惠康苑西苑,2室2厅,80平米,2800
107002536722	,汇腾南苑,2室1厅,79平米,3500
107002551222	,海尚康庭,2室1厅,72平米,3500
107002530434	,禹洲商业广场,1室1厅,56平米,2600
107100056779	,惠房苑,2室2厅,100平米,2600
107100144373	,荡湾新村,2室1厅,50平米,1800
107100251372	,东方鸿璟,2室1厅,86平米,3500
107100262708	,碧桂园浦东南郡,2室2厅,106平米,3800
107100265460	,汇康公寓,3室2厅,113平米,3380
107100279983	,鑫源物业小区,2室1厅,74平米,3200
107100304670	,鹏润伊顿公馆,2室1厅,74平米,2300
107100316333	,海曲雅苑,1室1厅,67平米,1900
107100321771	,朗诗里程,2室1厅,78平米,1700
107100181817	,申雅苑,2室2厅,83平米,3200
107100201688	,东方城市豪庭,2室1厅,66平米,2200
107100217213	,欣兰苑,2室1厅,94平米,1200
107100278981	,惠益新苑,1室1厅,58平米,1000
107100261374	,祝和苑,3室2厅,106平米,1800
107100297897	,龙馨公寓,3室2厅,124平米,3600
107100309001	,晨阳小区,2室1厅,75平米,2800
107100325223	,城南居委小区,2室1厅,54平米,2500
107100396568	,美林小城,2室2厅,94平米,3500
107100395907	,汇腾南苑,2室1厅,78平米,3000
107100396954	,金杨六街坊,1室1厅,41平米,3800
107100415861	,宣桥枫庭,3室1厅,88平米,2300
SH0005508107	,高行绿洲(二期),3室1厅,9平米,1590
SH0005536116	,恒大翰城瀚林苑,4室1厅,11平米,1990
SH0005524428	,名扬佳园,3室1厅,11平米,1590
SH0005528675	,恒大华城新华苑,2室1厅,10平米,2360
SH0005546790	,川杨新苑(二期),3室1厅,8平米,1830
SH0005513742	,伟业金锦苑三村,3室1厅,12平米,2060
SH0005518214	,川杨新苑(一期),3室1厅,8平米,2060
SH0005517361	,证大家园(公寓),5室1厅,12平米,2430
SH0004847953	,东方晶华园,3室1厅,11平米,1590
SH0005526802	,张江汤臣豪园(二期),4室1厅,16平米,3890
SH0005528176	,源城锦翠苑,3室1厅,11平米,2260
SH0005502171	,海院新村,3室1厅,12平米,2560
SH0005495802	,保利金爵公寓,4室1厅,11平米,2030
SH0005529980	,金杨新村十街坊,3室1厅,14平米,2630
SH0005529981	,金杨新村十街坊,3室1厅,15平米,2230
SH0005524586	,临沂三村,1室1厅,39平米,3890
SH0005556652	,东方丽景,3室1厅,15平米,2590
SH0004801066	,德州五村,3室1厅,13平米,2230
SH0005534706	,贵龙园,4室1厅,12平米,2490
SH0004906713	,玉兰香苑(四期),4室1厅,7平米,1960
SH0005505384	,唐人苑,4室1厅,19平米,2030
SH0005543741	,珠光苑,3室1厅,17平米,2290
SH0005523759	,宁怡苑,4室1厅,14平米,1690
SH0005551500	,伟莱家园,4室1厅,12平米,1960
SH0004908059	,玉兰香苑(二期),4室1厅,14平米,2360
SH0005523757	,秀怡苑,3室1厅,11平米,2160
SH0004960251	,胡姬花园,3室1厅,13平米,3090
SH0005531825	,羽山路1000弄,5室1厅,7平米,1830
SH0005359998	,浦江东旭公寓,3室1厅,9平米,2130
SH0005496870	,嘉德公寓,4室1厅,9平米,2890
107002463328	,禹洲商业广场,1室1厅,64平米,1600
107001003930	,丽水雅苑,3室1厅,81平米,1200
107100494646	,车站路2号,2室1厅,94平米,2700
107100465265	,书院一号公寓,1室1厅,65平米,1500
107002323134	,东亚启航公馆,2室1厅,78平米,2000
107100295651	,中远行家,1室0厅,26平米,3500
107002476656	,丽水雅苑北苑,2室1厅,71平米,1300
107002535392	,禹洲商业广场,1室1厅,56平米,2800
107100196462	,德盈佳园,2室1厅,89平米,1200
107001145560	,蓝色城邦(公寓),2室2厅,88平米,2200
107100454938	,欧风家园,3室2厅,94平米,2500
107100532766	,公元新村,2室1厅,42平米,2300
107100495456	,金领国际(公寓),2室2厅,85平米,3800
107100502155	,东方城市豪庭,2室1厅,105平米,1800
107100517567	,龙泽家园,1室2厅,60平米,3100
107100519658	,双秀南园,1室2厅,110平米,3200
SH0004801602	,保集澜湾(公寓),4室1厅,8平米,1360
107100521056	,毕加索小镇(二期)(别墅),1室1厅,216平米,3800
107100526737	,欧风家园,2室1厅,71平米,3300
SH0004887142	,园西小区,3室1厅,14平米,1760
107100521104	,寺前浜,1室1厅,38平米,3800
107100394101	,新舒苑,3室2厅,103平米,2000
107002249268	,远洋万和四季,3室2厅,100平米,1300
107100353679	,绿川新苑,1室1厅,50平米,3500
107100468327	,东方听潮豪园,2室2厅,121平米,3800
107100520275	,上南十一村,1室1厅,42平米,3800
107100480751	,海通新村,3室2厅,96平米,3800
107100351456	,绿川新苑,2室1厅,62平米,3800
SH0004796025	,锦绣满堂花园,4室1厅,16平米,3090
107100522805	,博山小区,1室1厅,54平米,3500
107100161509	,逸亭佳苑,2室2厅,90平米,3800
107100316043	,祝康南苑,3室2厅,125平米,2000
107100339087	,千汇苑二村,2室1厅,61平米,2200
107100377782	,朗诗里程,3室2厅,88平米,2000
107100395897	,汇腾南苑,2室1厅,78平米,3100
107100381199	,新凤凰城,2室2厅,108平米,3500
107100382859	,祝和苑,2室2厅,80平米,1600
107100408829	,桃李园小区,3室2厅,120平米,2800
107100419286	,丽水雅苑,3室1厅,82平米,2000
107100423341	,祝和苑,3室1厅,105平米,2000
107100263091	,丽水雅苑北苑,3室1厅,82平米,1200
107100315033	,金汇广场,3室2厅,95平米,3200
107100304370	,朗诗未来树,2室2厅,81平米,3000
107100322454	,德盈佳园,2室1厅,92平米,1300
107100318561	,朗诗未来树,3室2厅,78平米,3000
107100446225	,朗诗未来树,3室2厅,81平米,3200
107100462567	,印象春城,2室1厅,88平米,3100
107002098464	,欧风家园,3室2厅,102平米,3000
107001986490	,听潮民乐苑,3室2厅,113平米,2900
107001001790	,中洲里程,3室2厅,93平米,2100
107002387826	,东亚启航公馆,2室2厅,88平米,2500
107000380586	,艺泰安邦,2室2厅,87平米,2500
107002481366	,绿地峰汇,1室1厅,76平米,3200
107000933988	,中洲珑悦,4室2厅,160平米,2200
107002430684	,东亚启航公馆,2室1厅,79平米,2000
107002505178	,听潮四村,2室2厅,82平米,2200
107001956060	,康达公寓,2室2厅,119平米,1500
107100097365	,人生港湾南欧城,2室2厅,86平米,3000
107100093144	,桃李园小区,3室2厅,130平米,2200
107002307300	,丝庐雅苑(公寓),2室2厅,88平米,1800
107100419740	,百花新村,2室1厅,77平米,3400
107100427192	,上炼一村,1室0厅,40平米,2000
107100431112	,丽水雅苑,3室1厅,88平米,2100
107100280185	,周浦新村,3室1厅,90平米,3800
107100305664	,和合新村,2室1厅,72平米,3800
107100334933	,丝庐雅苑(公寓),2室2厅,88平米,1800
107100319958	,彩虹雅苑,3室2厅,127平米,3300
107100342947	,金宝公寓,2室1厅,103平米,2300
107100082789	,美林小城,3室2厅,115平米,3900
107100146846	,丝庐雅苑(公寓),2室2厅,88平米,1500
107100127609	,中洲珑悦,3室2厅,120平米,2100
107100353577	,金地城三期御领,3室2厅,126平米,3600
107100201230	,听潮六村,2室2厅,93平米,2000
107100197574	,禹洲商业广场,1室1厅,58平米,1300
107100261856	,康桥阳光大厦,1室1厅,32平米,3000
107100372983	,民乐城丽冬苑,2室1厅,74平米,1000
107100380901	,石笋一村,3室1厅,84平米,2400
107100390866	,东方冠郡,4室2厅,167平米,3000
107100388116	,振兴新村,2室2厅,77平米,2200
107100305334	,桃园新城中城苑,2室1厅,76平米,3300
107100331040	,绿洲康城亲水湾(中央区),1室1厅,61平米,3500
107100345943	,朗诗未来树,3室2厅,78平米,3300
107100364655	,繁荣馨苑,2室1厅,92平米,3800
107100115728	,中环滨江大厦,1室1厅,36平米,3300
107100219017	,乐源城C区,2室1厅,89平米,2800
107100015206	,绿地东上海,2室2厅,89平米,3200
107100164092	,西门新村,2室1厅,57平米,2000
107100223460	,兴东佳苑(一期),3室2厅,120平米,3800
107100214557	,欧风家园,2室1厅,70平米,2200
107100308749	,金汇广场(二期),2室1厅,81平米,2500
107100314459	,千汇苑,2室2厅,81平米,1600
107100421856	,周康四村,2室1厅,84平米,3000
107100431833	,千汇苑一村,3室2厅,104平米,2800
107100339698	,古馨苑,3室1厅,105平米,2900
107100356229	,民乐城兰丽苑(西苑),3室1厅,85平米,1200
107100379705	,金梅雅苑,3室2厅,116平米,3500
107100187171	,桃源艺筑,3室2厅,116平米,3800
107100201672	,东方城市豪庭,3室1厅,96平米,3200
107100199354	,人生港湾南欧城,2室2厅,90平米,3400
107100278664	,东港花苑三村,3室1厅,102平米,2400
107100262003	,丽水雅苑北苑,2室1厅,71平米,1000
107100439886	,汇腾东苑,1室1厅,52平米,2600
107100445405	,兴东佳苑(一期),3室2厅,132平米,3300
107100447985	,丽水雅苑,1室1厅,51平米,1200
107100454718	,南田公寓,3室2厅,106平米,2800
107100454205	,荡湾新村,2室1厅,54平米,2000
107100188562	,东方冠郡,2室2厅,98平米,3200
107100207350	,德盈佳园,2室2厅,91平米,2500
107100261223	,古春苑,3室2厅,129平米,1800
107100388400	,盛泰家园,3室2厅,109平米,2200
107100404041	,听潮二村,2室1厅,60平米,2300
107100408776	,兴东佳苑(一期),2室2厅,92平米,3500
107100423342	,惠益新苑南苑,2室1厅,80平米,1200
107100342386	,艺泰安邦,2室2厅,91平米,2300
107100330773	,千汇苑,3室2厅,104平米,1800
107100393542	,龙沟新苑,3室2厅,115平米,3300
107100388078	,云锦名苑,2室2厅,83平米,1000
107100410836	,朗诗未来树,2室2厅,81平米,3000
107100410160	,绿地峰汇,2室1厅,55平米,2700
107100260675	,艺泰安邦,3室2厅,139平米,2500
107100259720	,绿地康桥新苑,2室2厅,96平米,3600
SH0004013418	,潍坊二村,2室1厅,10平米,2690
107100282734	,西南新村,2室1厅,54平米,1500
107100288970	,印象生活广场,1室1厅,39平米,3650
107100261955	,思凡南苑,2室1厅,76平米,2800
107100278160	,印象春城,2室2厅,91平米,3400
107100319279	,丝庐雅苑(公寓),2室1厅,89平米,1800
107100377873	,千汇苑,3室2厅,125平米,2800
107100368742	,红光花苑,3室2厅,111平米,2500
107100279223	,民乐城惠益绿苑,2室1厅,78平米,1400
107100283746	,祝康南苑,3室2厅,105平米,3100
107100365297	,东方冠郡,2室2厅,94平米,2600
107100354684	,晨阳小区,3室1厅,100平米,3300
107100385251	,塘南小区,1室1厅,30平米,3200
107100176448	,长城珑湾,1室1厅,68平米,2800
107100203872	,晨阳小区,2室2厅,76平米,2500
107100201683	,东方城市豪庭,2室1厅,66平米,2300
107100210500	,丽水雅苑北苑,2室1厅,72平米,1000
107100244780	,布鲁斯小镇(别墅),3室2厅,151平米,2800
107002318212	,丽水雅苑北苑,3室1厅,82平米,2100
107002295688	,德盈佳园,2室1厅,89平米,1200
107100028932	,清风花苑,2室2厅,81平米,1300
107002082540	,宣桥枫庭,2室2厅,84平米,2500
107001946634	,东都小区,1室1厅,49平米,2400
107001009684	,远洋万和四季,2室2厅,80平米,1500
107002450760	,金宝公寓,2室2厅,103平米,3600
107002251804	,新育公寓,2室2厅,115平米,3700
107001399222	,艺泰一品花园,3室2厅,170平米,2500
107100055134	,靖海苑(公寓),3室2厅,125平米,2800
107100472447	,周康四村,2室1厅,74平米,3700
107100404439	,鹏润伊顿公馆,2室1厅,85平米,3300
107100409768	,新舒苑,3室2厅,121平米,1100
107100408064	,祝康南苑,3室2厅,105平米,2000
SH0005557700	,尚海郦景,5室3厅,9平米,2690
107100580020	,星金家园,2室1厅,81平米,3200
107100575221	,潍坊一村,1室0厅,30平米,3800
107100424616	,果园一村,2室2厅,78平米,3300
107100526750	,高行银杏苑,2室1厅,71平米,3600
107100094343	,金海商业广场,1室1厅,67平米,2900
107100574520	,绿川小区,2室1厅,59平米,3500
107100484423	,高东新村,2室1厅,66平米,3600
107100490232	,高桥二村,2室0厅,50平米,3400
107002546974	,梅园二街坊,1室1厅,32平米,3000
107100285877	,繁荣华庭,1室1厅,60平米,2400
107100574140	,信诚丽都苑,2室1厅,70平米,3500
107100453149	,城西小区,1室1厅,38平米,3300
107100569226	,青厦小区,2室1厅,57平米,3500
107002280744	,彩虹新村,3室1厅,95平米,3400
SH0005518141	,东方城市绿洲,3室1厅,14平米,2030
SH0005518139	,东方城市绿洲,3室1厅,12平米,1990
SH0005537919	,都林龙苑,4室1厅,13平米,2290
SH0005509624	,绿波城,3室1厅,15平米,2030
SH0005509625	,绿波城,3室1厅,9平米,1690
SH0005509626	,绿波城,3室1厅,16平米,2290
107100573570	,金桥新村四街坊(长岛路1203弄),1室1厅,50平米,3800
SH0005517496	,创新佳苑,3室1厅,12平米,1930
SH0005516744	,银杏苑(三林),3室1厅,15平米,2030
SH0005516746	,银杏苑(三林),3室1厅,16平米,2090
SH0005547231	,东三小区,1室1厅,40平米,3990
SH0005537929	,上浦小区,3室1厅,12平米,1760
SH0005537928	,上浦小区,3室1厅,13平米,2130
SH0005508414	,海尚康庭,2室1厅,75平米,3960
SH0005554300	,东方路3391弄,3室1厅,14平米,2690
107100513661	,荡湾新村,2室1厅,53平米,1800
107100515766	,汇福家园祥和里,2室1厅,80平米,3100
107100522815	,海曲雅苑,1室1厅,67平米,1500
107002444308	,锦绣汇丽苑,3室2厅,119平米,2600
107100528640	,汇善嘉苑,2室1厅,76平米,3600
107100115687	,培花七村,1室1厅,56平米,3500
107100533078	,绿地东上海,2室2厅,86平米,3800
SH0004914848	,龙昌苑,4室1厅,10平米,2090
107100536627	,德盈佳园,2室1厅,83平米,2500
107100495404	,绿地峰汇,2室1厅,47平米,2300
107100531840	,绿川新苑,1室1厅,46平米,3500
107100429100	,汇腾南苑,3室1厅,82平米,2800
107002424630	,长达佳苑宜居尚城,2室2厅,83平米,2500
107002166788	,丽水雅苑北苑,3室1厅,81平米,1100
107100527010	,双秀西园,2室2厅,79平米,3500
SH0004901123	,中虹家园,3室1厅,9平米,1790
107100536704	,三林路430弄,1室0厅,38平米,3800
SH0004907551	,东二小区,3室1厅,10平米,2390
SH0004908404	,鑫港苑,4室1厅,16平米,2090
107100537461	,汇枫公寓,2室1厅,76平米,3200
107100538145	,天和湖滨家园(公寓),1室1厅,73平米,3150
SH0004807829	,金枫公寓,4室1厅,15平米,1590
107100521646	,培元新苑,1室1厅,58平米,3500
107100402690	,惠康苑,2室1厅,79平米,1500
107100484002	,公元三村,2室2厅,87平米,3500
107100431187	,中洲里程,3室2厅,119平米,1800
107100543061	,文化新村(惠南),2室2厅,98平米,2000
107100542392	,工农新村(新场),2室1厅,54平米,1700
107100543602	,汇锦城二期,2室1厅,84平米,3300
107100499806	,建南新村,3室2厅,129平米,3000
107100428532	,德盈佳园,2室1厅,59平米,1800
107100356577	,聚龙家园,2室1厅,74平米,3300
107100424777	,晨阳小区,3室2厅,100平米,3500
107100438636	,南园坊,6室2厅,233平米,3500
107100446358	,东城花苑二村,3室2厅,126平米,3200
107100151842	,康敏苑,3室2厅,126平米,2800
107100166517	,禹洲商业广场,1室1厅,56平米,2000
107100203981	,人生港湾南欧城,3室2厅,131平米,2000
107100463189	,凯德新视界(二期),3室2厅,92平米,1000
107100464459	,莎海惠晨苑,2室2厅,95平米,2800
107100465125	,妙栏小区,2室2厅,73平米,3400
107100200281	,丝庐雅苑(公寓),2室2厅,89平米,1500
107100242261	,颐盛御中环,1室1厅,51平米,3000
107100231995	,民乐城丽园,2室2厅,92平米,2000
107100281560	,古馨苑,2室2厅,101平米,1600
107100353450	,日月星城,3室1厅,86平米,2600
107100370446	,云帆雅苑,2室1厅,84平米,1600
107100395036	,龙源星城,1室2厅,64平米,2300
107100400458	,丝庐雅苑(公寓),2室2厅,88平米,1800
107100570799	,南新六村,1室1厅,46平米,3000
107100549203	,中虹家园,2室1厅,70平米,3000
107100575811	,丽都华庭,1室2厅,69平米,2200
107100558732	,印象生活广场,1室1厅,42平米,3900
107100553388	,富特四村,1室1厅,44平米,3000
SH0005555738	,阳光苑,3室1厅,13平米,2190
SH0005556009	,春江花悦园,4室1厅,11平米,2090
107100534418	,安阁苑,2室1厅,70平米,3200
107100560812	,印象生活广场,2室1厅,41平米,3800
107100576195	,西北新村,2室2厅,88平米,1800
107000718760	,布鲁斯小镇(别墅),3室2厅,136平米,3000
SH0005508262	,蝶恋园,6室1厅,17平米,2490
SH0005516529	,杉林新月环林东路799弄,3室1厅,7平米,1790
SH0005558807	,东方康德家园,1室1厅,55平米,3930
SH0005531753	,芳华路229弄,3室1厅,11平米,2590
SH0005531754	,芳华路229弄,3室1厅,9平米,2290
SH0005531755	,芳华路229弄,3室1厅,9平米,1990
SH0005508714	,南国龙苑,4室1厅,15平米,2590
SH0005508716	,南国龙苑,4室1厅,15平米,1890
SH0005508715	,南国龙苑,4室1厅,15平米,2390
SH0005493253	,川沙公寓,3室1厅,12平米,1760
SH0005493252	,川沙公寓,3室1厅,15平米,2360
SH0005493254	,川沙公寓,3室1厅,13平米,2130
SH0005494156	,恒大华城东林苑,3室1厅,9平米,2330
SH0005494155	,恒大华城东林苑,3室1厅,7平米,1860
SH0005500475	,联洋年华,4室1厅,14平米,3690
SH0005551803	,澳丽花园,3室1厅,12平米,2690
SH0005551804	,澳丽花园,3室1厅,14平米,3490
SH0005516537	,凌霄苑,3室1厅,11平米,2390
SH0005516536	,凌霄苑,3室1厅,12平米,2030
SH0005516539	,凌霄苑,3室1厅,16平米,2030
107100523862	,浦江东旭公寓,2室1厅,65平米,3600
107100532233	,荡湾新村,1室1厅,40平米,1300
SH0005372697	,大华锦绣华城(四街区),4室1厅,8平米,1760
SH0003076671	,锦绣华都,4室1厅,6平米,1230
SH0005198818	,浦发绿城,4室1厅,11平米,1790
SH0004323384	,大华锦绣华城(四街区),4室1厅,8平米,1860
SH0005378335	,三林世博家园(大道站路94弄),3室1厅,12平米,1760
SH0005514561	,花木苑,4室1厅,14平米,2560
SH0005500980	,三林世博家园(大道站路94弄),4室1厅,13平米,1860
SH0005500982	,三林世博家园(大道站路94弄),4室1厅,11平米,1790
107100559641	,东绣苑,2室1厅,82平米,2800
107100572159	,临沂六村,1室1厅,38平米,3600
107100407064	,丽水雅苑北苑,2室1厅,69平米,1100
107100553631	,民乐城丽园,1室1厅,64平米,1200
107100563298	,听潮五村,2室1厅,63平米,2500
SH0005538403	,莲怡苑,6室1厅,10平米,1630
SH0005538399	,莲怡苑,6室1厅,10平米,1790
107100571813	,文兰小区,1室1厅,35平米,3700
107100563194	,德盈佳园,3室2厅,111平米,2500
107100572014	,千汇苑二村,2室1厅,61平米,2500
SH0005516104	,联城花苑,3室1厅,12平米,2590
107100569658	,汇锦城三期,2室1厅,89平米,3000
SH0005508983	,荣城花苑,3室1厅,11平米,3160
107100243683	,西北新村,3室1厅,90平米,2500
SH0005534743	,金海华城华美新苑,3室1厅,12平米,1630
107100572381	,东城花苑一村,2室2厅,96平米,2500
107100573630	,汇福家园吉祥里,1室2厅,57平米,2800
SH0005538400	,莲怡苑,6室1厅,10平米,1590
SH0005540085	,东方御水湾,3室1厅,14平米,1890
107100569947	,心圆西苑,1室1厅,53平米,3000
SH0005529881	,金桥湾清水苑,3室1厅,12平米,2360
107100485323	,印象春城,2室2厅,88平米,3000
107100549708	,印象生活广场,1室1厅,42平米,3800
107100567146	,西北新村,2室1厅,57平米,1700
107100563953	,园西小区,2室1厅,53平米,3300
107100549192	,中虹家园,2室1厅,70平米,3000
107100493408	,川虹新苑,1室1厅,57平米,3300
107100514381	,欧风家园,2室2厅,71平米,3300
107100527794	,丽江锦庭,1室0厅,40平米,3000
SH0005536997	,环龙新纪园,4室1厅,11平米,2890
107100370481	,桃源艺筑,2室1厅,88平米,3300
107100472894	,中洲珑悦,3室2厅,135平米,2050
107100403198	,鹏润伊顿公馆,2室1厅,88平米,3000
107100423537	,欧风家园,3室2厅,102平米,3800
107100422903	,彩虹雅苑,3室2厅,110平米,3200
107100365476	,荷风翠庭,3室2厅,104平米,2000
107100383846	,瑞阳苑,2室1厅,75平米,3200
107100444314	,祝和苑,4室2厅,139平米,3500
107100400372	,东方冠郡,3室2厅,111平米,2800
107100411592	,丽泽菊清苑,2室1厅,82平米,1100
107100420881	,祝安苑,2室1厅,65平米,2000
107100459437	,绿地峰汇,2室1厅,52平米,2500
107100489999	,千汇苑,3室2厅,125平米,3500
107100431850	,惠南一方新城,2室1厅,64平米,3000
107100432315	,申云小区,3室2厅,128平米,3000
107100437606	,东城花苑一村,3室2厅,112平米,2700
107100448013	,丽水雅苑,1室1厅,51平米,1200
107100455448	,华川家园,3室1厅,112平米,3200
107100336781	,民乐城惠益绿苑,2室2厅,79平米,2400
107100329847	,丝庐雅苑(公寓),2室2厅,88平米,1600
107100537879	,美林小城,2室1厅,87平米,3900
107100562027	,听潮四村,3室2厅,86平米,2500
SH0005522782	,御沁园(公寓),4室1厅,7平米,1230
107100503700	,新德佳苑,1室1厅,51平米,3000
107100476067	,云帆花苑,2室2厅,82平米,1600
107100553824	,海尚康庭,2室1厅,73平米,3800
107100473810	,布鲁斯小镇(公寓),2室2厅,96平米,1300
107002527466	,云帆花苑,3室2厅,120平米,2800
107100499789	,达城家园,1室1厅,54平米,3200
107100468118	,祝和苑,2室2厅,84平米,2000
107100503126	,昱龙家园,2室2厅,73平米,2500
107100503083	,博佳花园,2室2厅,98平米,2800
107100507719	,思凡南苑,2室2厅,84平米,2800
107100507878	,天健萃园,3室2厅,102平米,2600
107100479959	,潍坊九村,1室1厅,34平米,3800
107100476149	,芳雅苑,1室0厅,28平米,3000
107100497171	,罗山一村,1室1厅,50平米,3900
107100466518	,施湾家园,3室2厅,108平米,3600
107100462149	,繁荣安居,2室2厅,90平米,3200
107100468542	,思凡花苑六街坊,3室2厅,98平米,3500
107100488835	,思凡花苑三街坊,2室1厅,74平米,2300
107100494237	,锦福苑,3室1厅,86平米,3800
107100483901	,桃园新城中虹佳园,3室2厅,103平米,2500
107100451744	,丝庐雅苑(公寓),2室2厅,88平米,1500
107100492004	,海曲雅苑,2室2厅,84平米,3200
107100498881	,临沂八村,1室0厅,36平米,3500
107100461145	,艺泰安邦,3室2厅,137平米,3800
107100471125	,金利公寓,1室1厅,51平米,3800
107100368382	,新建路82弄(浦东),2室1厅,96平米,2499
107100445068	,千汇苑一村,3室2厅,106平米,3200
107100505126	,祝安苑,3室2厅,125平米,3500
107100498037	,靖海苑(公寓),3室2厅,110平米,3000
107100476335	,康桥宝邸,2室2厅,80平米,3800
107100477398	,东都小区,2室1厅,47平米,3200
107100479885	,艺泰安邦,2室1厅,92平米,2500
107100474554	,东方城市豪庭,2室2厅,105平米,2000
107100469813	,中洲里程,3室1厅,95平米,3500
107100480320	,云帆佳苑,2室1厅,59平米,1500
107100481785	,千汇苑,2室2厅,82平米,1600
107100488726	,鑫港苑,2室2厅,86平米,3700
107100493234	,水上新村(浦东),2室1厅,50平米,1500
107100487086	,新舒苑,2室1厅,81平米,1600
107100490373	,龙源星城,2室1厅,104平米,2700
107100493303	,祝安苑,2室1厅,65平米,2300
107100498882	,海三小区,1室1厅,31平米,3800
107100467471	,云树仁居,2室2厅,81平米,1000
107100492407	,中洲珑悦,3室2厅,135平米,2000
107100484164	,民乐城汇雅苑,3室1厅,84平米,1600
107100509314	,绿地峰汇,4室2厅,65平米,2700
SH0004808279	,保集澜湾(公寓),4室1厅,16平米,1730
107100469952	,民乐城文竹苑,2室1厅,77平米,1000
107100485255	,博佳花园,3室2厅,122平米,3200
107100482059	,鹤沙航城东茗苑,2室1厅,61平米,2500
107100480498	,听潮六村,2室2厅,81平米,2000
107100493982	,晨阳小区,2室1厅,74平米,2800
107100451793	,桃园新城中城苑,2室1厅,71平米,3000
107100459134	,汇枫公寓,1室1厅,56平米,2300
107100468833	,浦建小区,1室1厅,39平米,3500
107100476885	,上炼一村,1室0厅,33平米,2300
107100484645	,祝和苑,3室2厅,126平米,3200
107002387146	,绿地东岸涟城,2室2厅,201平米,3800
107002562434	,市场路75弄,2室1厅,67平米,3800
107002542818	,欣松苑,3室2厅,136平米,2800
107002170472	,汇锦城三期,3室1厅,91平米,1600
107001932060	,艺泰安邦,3室2厅,137平米,3600
107001943626	,中洲珑悦,3室2厅,135平米,1700
107100115764	,中洲里程,3室2厅,89平米,2000
107100216230	,丝庐雅苑(公寓),2室2厅,88平米,1800
107000684874	,文化新村(惠南),3室1厅,91平米,2100
107001987972	,沈默花苑,1室1厅,42平米,3600
107001002030	,东城花苑二村一区,3室2厅,127平米,3200
107002387844	,东亚启航公馆,2室1厅,79平米,2200
107002401960	,安阁苑,2室1厅,71平米,2700
107002119204	,瑞和苑,2室1厅,75平米,3000
107002371968	,东亚启航公馆,2室1厅,79平米,1900
107002538290	,布鲁斯小镇(公寓),3室2厅,114平米,1899
107002112720	,丽水雅苑,2室1厅,69平米,1700
107002292590	,布鲁斯小镇(别墅),3室2厅,142平米,2500
107100525670	,赵沟浜小区,2室1厅,52平米,2700
107100549608	,天环苑,3室2厅,106平米,3500
107100516373	,布鲁斯小镇(公寓),3室2厅,98平米,2800
SH0005492662	,锦绣华庭,4室1厅,10平米,2390
SH0005494571	,微山三村,3室1厅,12平米,2690
SH0005496266	,阳光花城,4室1厅,12平米,2860
107100536364	,微山新村,1室1厅,31平米,3800
107001111974	,海洲桃花园,3室1厅,83平米,2500
107100495638	,长泰东郊御园(公寓),2室2厅,85平米,2000
107100149354	,长达佳苑宜居尚城,4室1厅,124平米,2600
107100536198	,荡湾新村,2室1厅,53平米,1800
107001320422	,云帆雅苑,2室1厅,84平米,1600
107100468043	,玉泉街79号,1室1厅,36平米,3600
SH0005493528	,金光小区,3室1厅,14平米,2290
SH0003997378	,宝佳苑,3室1厅,9平米,1630
SH0005206264	,锦河苑,6室1厅,16平米,2290
107002249696	,听潮五村,2室1厅,70平米,1800
107100223639	,乾耀东港,2室2厅,88平米,2000
SH0005490904	,芳雅苑,3室1厅,14平米,2590
107100528577	,东三里桥路178号,1室0厅,31平米,3200
107100267927	,桃园新村(航头)(公寓),2室1厅,82平米,3000
107100550462	,宜浩佳园,1室2厅,76平米,1700
107100478109	,东方城市豪庭,1室2厅,75平米,1200
SH0005373123	,绿地御桥苑,3室1厅,9平米,1660
107100551981	,中洲里程,3室2厅,116平米,2000
107100551720	,临沂三村,1室1厅,37平米,3500
107100473272	,杨高南路2877弄,1室1厅,75平米,3800
107100522115	,海洲桃花园,3室2厅,89平米,2300
107100513458	,海洲桃花园,3室2厅,80平米,3800
107100551758	,古佳苑,3室2厅,127平米,2000
107100544809	,白杨小区,1室1厅,49平米,3300
107100547294	,汇福家园祥和里,2室1厅,88平米,3500
107100479107	,西北新村,2室1厅,51平米,1600
SH0004951975	,仁恒家园,4室1厅,17平米,2230
107100458613	,禹洲商业广场,1室1厅,56平米,2100
107100459861	,荡湾新村,2室1厅,57平米,2000
107100549584	,芳雅苑,1室1厅,33平米,3900
SH0004919694	,保集澜湾(公寓),4室1厅,8平米,2060
107100414557	,龙源星城,2室1厅,104平米,2300
107100065743	,中金海棠湾(公寓),3室2厅,119平米,3500
107100402031	,海洲桃花园,3室2厅,111平米,3500
107100486848	,海鑫苑,2室1厅,50平米,2200
107100314078	,海鑫苑,2室2厅,80平米,2700
107100429560	,长泰东郊御园(公寓),2室2厅,86平米,2200
107100550731	,南华城,2室1厅,80平米,3500
107100547503	,惠益新苑,1室1厅,58平米,1000
107100423949	,荡湾新村,2室1厅,53平米,2200
107100554955	,天和湖滨家园(公寓),2室2厅,95平米,3200
107100000242	,海洲桃花园,2室1厅,80平米,2000
107100042000	,海洲桃花园,2室1厅,77平米,2000
107100549366	,微山三村,2室1厅,50平米,3800
107001900608	,长达佳苑宜居尚城,3室2厅,126平米,2500
107100039269	,长达佳苑宜居尚城,2室2厅,83平米,2800
107100539016	,万达广场(周浦),1室1厅,55平米,3200
107100548560	,鑫唐绿波庭,2室1厅,76平米,2000
107100523311	,万达广场(周浦),1室1厅,43平米,2700
SH0005168941	,芳芯路251弄,3室1厅,13平米,2490
107100201695	,荷风华庭,3室2厅,100平米,1800
107100288758	,海洲桃花园,2室2厅,86平米,2000
107100537107	,万达广场(周浦),1室1厅,56平米,2800
107001909250	,东升家园(三期),2室2厅,94平米,2300
107100504467	,云帆花苑,2室1厅,82平米,1200
SH0004811313	,万嘉欣苑,3室1厅,11平米,1730
SH0004811312	,万嘉欣苑,3室1厅,10平米,1590
107100518142	,丽水雅苑北苑,2室1厅,67平米,1600
107100507385	,绿地景汇佳苑,2室2厅,96平米,3600
107100292208	,红光花苑,2室2厅,81平米,2800
107100319157	,成功家园(公寓),3室2厅,134平米,1500
107100455779	,桃园新城中城苑,2室1厅,71平米,2700
107100418763	,鹏润伊顿公馆,3室2厅,87平米,3300
107100483175	,东建新村,1室0厅,27平米,3800
107100445402	,绿地峰汇,2室1厅,52平米,2500
107100456582	,天和湖滨家园(公寓),3室2厅,120平米,3000
107100459403	,浦东南路2054弄,1室1厅,40平米,3600
107002253340	,民乐城秀园(西苑),2室1厅,72平米,1000
107100506525	,合欢公寓,1室1厅,69平米,3700
107100534817	,听潮五村,2室1厅,64平米,2000
107100537545	,达城家园,2室2厅,77平米,3800
107100571267	,海尚康庭,2室1厅,74平米,3800
107100575737	,昌四小区,1室1厅,45平米,3000
107100572676	,上钢五村,1室1厅,37平米,3200
SH0005536296	,金海华城华美新苑,3室1厅,11平米,1630
107002380590	,丽泽荷亭苑,3室2厅,122平米,1200
107100574780	,桃园新城中虹佳园,1室1厅,51平米,2400
SH0005519934	,阳光花城,4室1厅,12平米,2790
107100563851	,天和湖滨家园(公寓),3室2厅,120平米,3100
107100546676	,海尚乐苑,1室1厅,53平米,3300
107100499600	,博佳花园,3室2厅,125平米,2500
107001954364	,东城花苑二村,3室2厅,140平米,2800
107100563028	,银凤小区,1室1厅,72平米,2300
SH0005502508	,荣城花苑,4室1厅,10平米,2890
107100546288	,万科清林径,3室2厅,98平米,3800
107100561147	,美林小城,3室1厅,92平米,3000
SH0005372255	,申立苑,4室1厅,13平米,2890
SH0005496265	,阳光花城,4室1厅,15平米,3930
107100557117	,沪东新村,1室1厅,60平米,3600
SH0005505517	,尚海郦景,5室1厅,16平米,3930
107100557768	,晨阳小区,2室1厅,74平米,2900
SH0005500304	,阳光苑,3室1厅,7平米,1830
107100327330	,桃源艺筑,2室2厅,90平米,3300
107100543759	,王桥街41弄,2室1厅,74平米,3000
107100559923	,乐源城,1室1厅,54平米,1900
107100559705	,峨山路600-606号(双),1室1厅,30平米,3200
107100513746	,海曲雅苑,3室2厅,111平米,2000
107100473352	,新高苑(一至三期),1室1厅,49平米,2400
107002411592	,云树雅居,2室2厅,82平米,1500
107100403200	,听潮二村,2室1厅,83平米,1900
107100563592	,昌七小区,1室1厅,46平米,3800
107100555935	,汇福家园平安里,2室2厅,76平米,3500
107100325340	,云松景庭,2室2厅,103平米,2000
107100564386	,东方冠郡,2室2厅,99平米,1800
SH0005507721	,梅园四街坊,3室1厅,15平米,3260
107100544449	,果园一村,2室1厅,94平米,3800
107100494684	,川南奉公路3424弄,3室2厅,105平米,3000
107100563121	,浦发绿城,1室1厅,75平米,3800
107100561326	,环庆新苑,1室1厅,49平米,2500
107100559711	,万达广场(周浦),1室0厅,55平米,3100
107100563185	,千汇苑四村,2室1厅,80平米,2500
107100563803	,乐源城C区,2室1厅,87平米,2800
107100564810	,泾东小区,1室1厅,44平米,3800
107100523804	,海汇清波苑,2室1厅,82平米,1600
107100357991	,祝康南苑,3室2厅,125平米,2000
107100525299	,绿地康桥新苑,1室1厅,54平米,3700
SH0004812249	,星纳家园,3室1厅,7平米,1360
107100531321	,赵沟浜小区,1室1厅,52平米,3200
SH0004870610	,荣城花苑,3室1厅,11平米,2860
107100521279	,绿川小区,1室1厅,49平米,3000
107100522618	,思凡花苑一街坊,2室1厅,74平米,2800
SH0004865152	,金领国际(公寓),3室1厅,10平米,1690
107100516254	,千汇苑四村,2室1厅,63平米,2100
107100513912	,南杨小区(长清路),1室1厅,41平米,2500
SH0004811321	,万嘉欣苑,4室1厅,14平米,1690
107100534786	,碧桂园浦东南郡,3室2厅,138平米,3800
107100533254	,城西小区,1室1厅,40平米,2400
107100537737	,杨镇新村,1室1厅,51平米,3500
107100540531	,济阳二村,1室1厅,44平米,3800
107002344308	,丽泽荷亭苑,2室1厅,80平米,1800
107100541040	,思凡馨苑,2室1厅,64平米,2400
107100466522	,云松翠庭,2室2厅,81平米,1800
SH0004894067	,青厦小区,3室1厅,10平米,2060
107100523273	,金湾佳园,2室2厅,105平米,2900
SH0005510517	,高行绿洲(六期),1室1厅,55平米,3990
107100561969	,鹏润伊顿公馆,2室1厅,88平米,1500
107100570156	,金桥路226弄,1室1厅,32平米,2900
107100455014	,鹏润伊顿公馆,2室2厅,86平米,2600
107100485600	,绿地康桥新苑,2室2厅,77平米,3800
107100554369	,梓潼新村,2室1厅,56平米,2600
107100561249	,荡湾新村,2室1厅,53平米,1400
107100384658	,云汉富颐苑,3室2厅,100平米,1800
107100545593	,印象春城,2室2厅,89平米,3400
SH0005514850	,仕嘉名苑,5室1厅,8平米,2590
SH0005496587	,弘扬沁园,4室1厅,13平米,2560
107100063380	,阳光城丽景湾PLUS,2室2厅,89平米,3300
107100367328	,东城华都,3室2厅,119平米,3000
107100369242	,清风佳苑,1室1厅,59平米,1000
SH0005017124	,瑞达苑,4室1厅,8平米,2290
107100560102	,万达广场(周浦),1室0厅,43平米,2800
SH0004948173	,阳光花城,3室1厅,15平米,3630
SH0005502191	,涵合园(公寓),3室1厅,14平米,3190
107100157382	,听潮二村,3室1厅,81平米,1800
107100561315	,梅园二街坊,1室1厅,33平米,3800
107100550279	,塘桥小区,1室1厅,30平米,3200
SH0004924818	,保集澜湾(公寓),4室1厅,8平米,1760
107100386779	,繁荣馨苑,2室2厅,85平米,3000
107002350202	,惠益新苑,2室2厅,78平米,1200
107100521672	,瑞和苑,1室2厅,54平米,2700
107100518869	,城南居委小区,2室1厅,51平米,2700
107100542162	,祝和苑,3室2厅,139平米,2600
107100348381	,凌港城,1室1厅,58平米,1800
107100543750	,新高苑(一至三期),1室1厅,51平米,2500
107002132862	,泥城苑,2室1厅,96平米,1800
107100566144	,柳博小区(柳一小区),1室1厅,42平米,3500
SH0005518084	,宜嘉苑,3室1厅,10平米,1890
107100448964	,古春苑,2室1厅,89平米,1800
SH0005517921	,香樟苑(浦东),3室1厅,15平米,2090
107100536113	,惠康苑西苑,1室1厅,59平米,1700
107100226083	,东城花苑二村,3室2厅,132平米,2500
107100560831	,民乐城汇雅苑,2室1厅,79平米,1900
107100551159	,幸福小镇(公寓),1室1厅,54平米,3800
107100555166	,城南居委小区,2室0厅,47平米,3000
107100054965	,惠丰园小区,2室2厅,104平米,3000
107100508304	,康桥宝邸,1室1厅,60平米,2200
107100542059	,千汇苑四村,2室1厅,63平米,2000
SH0005509529	,紫翠苑,4室1厅,9平米,1530
107100373632	,绿地云悦坊,1室1厅,51平米,3600
107100272746	,远洋万和四季,3室1厅,97平米,1700
SH0005530121	,中邦城市,4室1厅,13平米,2230
SH0005517251	,金盛佳苑,3室1厅,10平米,1960
107100473384	,汇锦城二期,2室2厅,84平米,3200
107100543487	,富特五村,1室1厅,45平米,3200
107100469517	,荣成路17弄,1室0厅,34平米,3100
107100540028	,潼港二村,2室1厅,66平米,3500
SH0004908402	,鑫港苑,4室1厅,10平米,1530
107100368369	,果园二村,2室2厅,95平米,3800
107100339910	,丽都华庭,2室2厅,88平米,1000
SH0004914642	,中大丽都,4室1厅,14平米,2290
107002541638	,民乐城秀园(西苑),3室1厅,86平米,2300
107100454428	,曙光南桥小区,2室1厅,68平米,3500
107100534822	,鹤沙航城东茗苑,2室1厅,78平米,2300
107100540671	,彩虹雅苑,1室1厅,56平米,2000
107100200186	,万达广场(周浦),1室1厅,55平米,3200
107100495636	,汇枫公寓,2室1厅,75平米,3500
107100544780	,朗诗未来树,3室2厅,78平米,3100
107100543135	,昌四小区,1室1厅,36平米,3600
107100541169	,祝和苑,3室2厅,104平米,1800
107100540111	,龙源星城,3室2厅,104平米,3500
107100156538	,龙源星城,2室1厅,104平米,1600
107100497389	,人生港湾南欧城,2室2厅,87平米,3500
107100517122	,荡湾新村,2室1厅,57平米,1700
107100279268	,丝庐雅苑(公寓),1室1厅,73平米,1600
107100504107	,德州四村,1室1厅,30平米,3500
107100563746	,航城园,3室2厅,116平米,3600
107100472949	,海通新村,2室1厅,115平米,3000
107100568137	,东城花苑一村,1室2厅,79平米,2800
SH0005525038	,汇福家园健康里,3室1厅,13平米,1330
107100541451	,祝苑公寓,2室2厅,98平米,2500
107100554867	,西南新村,3室1厅,68平米,1700
107100560269	,昱龙家园,2室1厅,81平米,3500
107100559107	,布鲁斯小镇(公寓),3室2厅,101平米,2800
107100565178	,达城家园,2室2厅,78平米,3300
SH0005508555	,锦绣天第花园,4室1厅,9平米,2390
107100562593	,瑞和苑,2室1厅,75平米,3100
107100564894	,海尚康庭,2室2厅,75平米,3600
107100569446	,潍坊六村,1室1厅,32平米,3800
107002292748	,恒纬家苑,2室2厅,80平米,1700
107100506431	,晨阳小区,2室1厅,76平米,3500
107002054202	,绿地峰汇,2室2厅,52平米,3000
107100558182	,妙栏路392弄,2室1厅,68平米,3500
107100518259	,舜川公寓,1室1厅,61平米,2200
107100568636	,绿川新苑,1室1厅,50平米,3500
107100569742	,天健萃园,2室2厅,75平米,2000
107100558291	,南郊花园(公寓),1室1厅,50平米,2900
107100531949	,曙光东苑,1室2厅,60平米,2600
107100412766	,华盛新村,3室1厅,97平米,3000
SH0005493606	,金利公寓,3室1厅,13平米,2260
107100567908	,汇福家园健康里,2室2厅,84平米,3500
SH0005529882	,金桥湾清水苑,3室1厅,11平米,2460
107100552188	,达城家园,2室2厅,79平米,3800
SH0005536278	,金领国际(公寓),3室1厅,9平米,1930
107100450911	,荷风景庭,2室2厅,81平米,1600
107100422928	,申波苑,1室1厅,33平米,2900
107100531201	,富康苑,2室1厅,72平米,3800
107002062308	,德盈佳园,2室2厅,91平米,1300
107001698690	,上南十村,1室1厅,45平米,2900
107002382090	,东亚启航公馆,2室1厅,79平米,2000
107002567096	,禹洲商业广场,1室1厅,56平米,2400
107002453340	,盛和小区,3室2厅,133平米,3100
107100474976	,祝安苑,3室2厅,128平米,2200
107100367109	,桃源艺筑,2室1厅,90平米,2400
107100383817	,东南三村,2室1厅,61平米,3000
107100385005	,艺泰安邦,2室1厅,91平米,1300
107100369446	,鑫唐绿波庭,1室1厅,58平米,1800
107100376471	,绿地峰汇,2室1厅,45平米,2000
107100388897	,汇锦城二期,3室2厅,90平米,3500
107100400562	,汇锦城二期,3室2厅,122平米,2000
107100427749	,华钜御庭(一期),3室1厅,90平米,2800
107100444665	,朗诗未来树,3室1厅,89平米,3200
107100444087	,康桥宝邸,2室2厅,74平米,2600
107100440067	,城南居委小区,2室1厅,67平米,3200
107100441706	,繁新苑,3室2厅,161平米,3500
107100449046	,万科清林径,3室2厅,98平米,3700
107100456962	,金领国际(公寓),2室1厅,88平米,3900
107100461879	,兴东佳苑(一期),3室2厅,122平米,3800
107100403746	,浦煤新村,1室0厅,33平米,2800
107100402891	,绿地峰汇,2室1厅,36平米,1900
107100416058	,汇丽苑,2室2厅,79平米,3200
107100423976	,远洋万和四季,3室1厅,100平米,2600
107100474608	,千汇苑一村,3室2厅,104平米,2000
107100238711	,汇锦城二期,3室2厅,91平米,2400
107100225201	,荡湾新村,2室1厅,53平米,1500
107100241634	,祝安苑,2室2厅,86平米,2400
107100270321	,保利金色唐城,2室2厅,81平米,3650
107100447094	,艺泰安邦,3室2厅,148平米,3100
107100316429	,晨阳小区,3室1厅,100平米,3500
107100466036	,东港花苑三村,2室2厅,100平米,2500
107100485246	,桃源艺筑,3室2厅,115平米,3800
107100439465	,鹏润伊顿公馆,2室1厅,78平米,2900
107100485853	,天环苑,3室2厅,108平米,2500
107100486264	,康桥月苑,2室1厅,78平米,3500
107100332497	,芳华路673弄,1室1厅,36平米,3600
SH0005546181	,地杰国际城D街坊,3室1厅,13平米,1830
SH0005501198	,吉云公寓,2室1厅,14平米,2460
SH0005547991	,海联大厦,4室1厅,10平米,3160
SH0004908054	,东方滨港园,3室1厅,12平米,1790
SH0004885676	,鼎鑫名流世家,4室1厅,10平米,1730
SH0004918215	,陆家嘴锦绣里,4室1厅,7平米,1730
SH0005508451	,陆家嘴锦绣里,4室1厅,7平米,1730
SH0005500390	,晴川佳苑,3室1厅,11平米,1730
SH0004925655	,中海御景熙岸(公寓),3室1厅,10平米,1730
107100498526	,云树欣居,4室2厅,162平米,2500
SH0005554634	,三林世博家园(板泉路2000弄),3室1厅,8平米,1630
SH0005554633	,三林世博家园(板泉路2000弄),3室1厅,15平米,1990
SH0005554635	,三林世博家园(板泉路2000弄),3室1厅,13平米,2190
SH0005546370	,地杰国际城D街坊,3室1厅,11平米,1890
SH0005527581	,大华锦绣华城(十二街区),4室1厅,11平米,2160
107100472167	,清风雅苑,1室1厅,64平米,1800
107100573386	,龙威茗庭,2室1厅,99平米,3800
SH0004832894	,第九城市(二期),4室1厅,9平米,2560
SH0005358995	,景泰嘉苑,5室1厅,13平米,1890
SH0005524366	,东陆锦悦苑,3室1厅,10平米,1960
SH0005524472	,万科新里程,4室1厅,11平米,2190
SH0005524473	,万科新里程,4室1厅,10平米,1990
SH0005556316	,顺馨佳园,3室1厅,14平米,1790
SH0005556317	,顺馨佳园,3室1厅,10平米,1590
SH0005556318	,顺馨佳园,3室1厅,11平米,1930
SH0004814718	,龙博公寓,3室1厅,12平米,2260
SH0004814716	,龙博公寓,3室1厅,11平米,1960
SH0005507078	,碧云新天地(二期),5室1厅,8平米,2090
SH0005514107	,锦华花园,4室1厅,11平米,2060
107100427624	,惠益新苑,2室1厅,79平米,2500
107100468006	,东城花苑一村,2室1厅,80平米,2500
107100560018	,城南居委小区,2室1厅,54平米,3250
107100431763	,禹洲商业广场,1室1厅,56平米,2300
107100457146	,惠康苑东苑,1室1厅,59平米,1800
107100577683	,明天华城,2室2厅,73平米,3000
107100525345	,东方城市豪庭,3室1厅,98平米,3300
107100387391	,万馨佳园,1室1厅,55平米,3200
107100507416	,汇福家园安康里(东区),2室1厅,78平米,2500
107100445287	,禹洲商业广场,1室1厅,58平米,2500
107100435487	,卫东新村,2室0厅,40平米,3900
107100568978	,朱家门小区,1室1厅,43平米,3500
107100391768	,中洲珑悦,3室2厅,120平米,3000
107100005866	,天和湖滨家园(公寓),2室2厅,97平米,2200
107100527188	,东陆新村三街坊,1室1厅,42平米,3500
107100451979	,德盈佳园,3室2厅,111平米,2000
107002512198	,远洋万和四季,3室2厅,100平米,3500
107100500639	,远洋万和四季,3室2厅,120平米,3000
107100529238	,海尚康庭,1室2厅,59平米,2900
107100551404	,天和湖滨家园(公寓),2室2厅,93平米,3000
107100515554	,潼港八村,2室1厅,71平米,3600
SH0003680664	,宜嘉苑,6室1厅,13平米,2260
SH0005546492	,银丰苑,3室1厅,13平米,2190
107100558420	,朗诗未来树,1室1厅,55平米,1900
107100560769	,临沂一村,1室1厅,38平米,3500
107100579368	,潍坊四村,1室0厅,33平米,3800
107100374417	,远洋万和四季,3室2厅,90平米,2100
SH0005556011	,春江花悦园,4室1厅,13平米,2490
SH0005555998	,金领国际(公寓),3室1厅,13平米,1830
107100571479	,川北小区,1室1厅,29平米,3000
SH0005541337	,海桐苑,3室1厅,13平米,3290
107100276941	,东都小区,1室1厅,33平米,2500
107100569921	,布鲁斯小镇(公寓),2室2厅,119平米,3500
107100471216	,云帆佳苑,3室2厅,104平米,1800
SH0004812926	,中海御景熙岸(公寓),3室1厅,8平米,1790
SH0005508245	,尚海郦景,4室1厅,14平米,3730
107100155870	,荡湾新村,3室1厅,80平米,2200
107100577992	,毕加索小镇(一期)(别墅),1室2厅,345平米,2800
107100575730	,金顺佳苑,3室2厅,121平米,3000
SH0005528768	,上南一村,3室1厅,13平米,2730
SH0005555924	,极景易家,3室1厅,14平米,1990
SH0005545327	,荣城花苑,3室1厅,12平米,3060
107100576847	,天和湖滨家园(公寓),2室2厅,93平米,3800
107100578220	,瑞和苑,1室1厅,54平米,2800
SH0004176278	,品翠苑,3室1厅,13平米,2290
SH0005551783	,金桂小区,3室1厅,12平米,2630
107100532788	,翔川家园,1室1厅,54平米,3600
SH0005555739	,阳光苑,3室1厅,14平米,2190
SH0005551413	,金领国际(公寓),3室1厅,12平米,1960
SH0005553391	,崂山四村,1室1厅,30平米,3860
107100069579	,东方听潮豪园,2室2厅,89平米,3000
107100575116	,东亚启航公馆,2室1厅,79平米,1800
SH0005550915	,锦绣华庭,4室1厅,16平米,3090
107100311696	,丽都华庭,2室2厅,86平米,2100
107100576070	,艺泰安邦,2室2厅,92平米,2800
107100564812	,布鲁斯小镇(公寓),2室2厅,91平米,3600
107100556472	,百欣苑,3室2厅,55平米,2800
107100576617	,远洋万和四季,2室2厅,80平米,2800
SH0005555737	,阳光苑,3室1厅,8平米,2290
SH0005556008	,春江花悦园,4室1厅,13平米,2790
107100578592	,莲业新村,1室1厅,48平米,3500
SH0005554762	,南新东园,3室1厅,12平米,1690
SH0005556010	,春江花悦园,4室1厅,8平米,1860
SH0005555925	,极景易家,3室1厅,10平米,1790
107100513230	,申达新村,2室1厅,81平米,2400
107100508175	,云松华庭,1室1厅,64平米,2000
107100204936	,美林小城,2室2厅,81平米,3200
107100513238	,镇南路4-10号,2室1厅,72平米,3200
107100536232	,永安新村,1室1厅,31平米,3500
107100425824	,周康一村,3室1厅,85平米,3200
107100561202	,妙栏小区,2室2厅,73平米,3500
107100527227	,永安新村,1室1厅,38平米,3600
107100536009	,印象春城,2室2厅,89平米,3200
107100438153	,妙境一村,1室1厅,60平米,2600
107100305213	,听潮四村,2室1厅,56平米,1800
107100039926	,东亚启航公馆,3室1厅,88平米,2000
107100581799	,安康新村,3室1厅,84平米,3800
107100413183	,新德三村,1室1厅,45平米,2600
107100107995	,潼港二村,2室2厅,85平米,3200
107100579275	,新高苑(一至三期),1室1厅,51平米,3800
107100534430	,汇福家园吉祥里,2室1厅,74平米,3000
SH0005546291	,云台一小区,3室1厅,7平米,1960
107100575190	,锦绣汇丽苑,1室2厅,60平米,1000
SH0005554359	,申江豪城,4室1厅,16平米,2890
SH0005515502	,金利公寓,3室1厅,13平米,2160
107100580667	,华钜御庭(一期),3室2厅,88平米,3700
SH0005547276	,汇郡海棠苑,3室1厅,13平米,1890
107100501907	,丹桂佳苑,3室2厅,125平米,2600
SH0005538397	,莲怡苑,6室1厅,15平米,2490
107100566669	,万达广场(周浦),1室0厅,43平米,2600
SH0005556000	,金领国际(公寓),3室1厅,16平米,1960
107100557617	,王港新雅路90弄,2室1厅,62平米,3600
107100572733	,潼港一村,1室1厅,48平米,2600
SH0005315562	,永泰花苑,3室1厅,10平米,2030
107100455041	,金梅雅苑,3室2厅,116平米,3500
107100579309	,绿川小区,1室1厅,50平米,3600
107100579867	,东方城市豪庭,2室1厅,85平米,1600
107100578580	,绿川小区,1室1厅,49平米,3500
107100471384	,东陆新村七街坊,1室1厅,41平米,2800
107100468614	,荡湾新村,2室1厅,58平米,1700
107100511547	,民胜苑,1室1厅,13平米,1800
107100493608	,鑫通公寓,2室2厅,108平米,2500
SH0004832885	,京浦小区,1室1厅,41平米,3930
SH0004908243	,民星苑,3室1厅,25平米,2390
107100503464	,新里城和合苑,1室1厅,52平米,3900
107100303164	,千汇苑一村,2室1厅,63平米,2000
107100349018	,东城华都,3室2厅,119平米,3600
107002469932	,东城时代华庭(公寓),3室2厅,108平米,3000
107100580931	,民乐城文竹苑,2室1厅,78平米,1800
107100537276	,中汇花园(南汇),3室1厅,91平米,2500
107100482382	,金枫公寓,1室1厅,63平米,3700
107002505046	,鸿音广场,1室1厅,45平米,1400
107100414593	,鹏润伊顿公馆,2室2厅,87平米,3300
107100471419	,丽泽菊清苑,3室2厅,100平米,1300
107100525041	,民乐城汇雅苑,2室1厅,73平米,2300
107100525679	,港驳小区,1室0厅,32平米,3700
107100368880	,布鲁斯小镇(公寓),3室2厅,96平米,3200
107100340307	,永安新村,1室0厅,32平米,3800
107100214784	,欧风家园,3室1厅,104平米,2800
107100459446	,东方冠郡,2室2厅,99平米,1800
107100069402	,远洋万和四季,3室2厅,119平米,1300
107100377762	,汇腾南苑,2室1厅,74平米,3200
107001934106	,远洋万和四季,3室2厅,100平米,1800
107100113469	,布鲁斯小镇(公寓),2室2厅,96平米,3300
107100276732	,天和湖滨家园(公寓),2室2厅,94平米,2600
107002427078	,鑫通公寓,2室2厅,115平米,2800
107100493238	,布鲁斯小镇(公寓),2室2厅,91平米,3300
107100058777	,听潮六村,2室2厅,80平米,2800
107002458668	,民乐城惠园,2室2厅,110平米,1800
107100527835	,西南新村,2室1厅,54平米,2000
107100448078	,听潮民乐苑,2室2厅,105平米,2500
107100538613	,听潮四村,2室1厅,78平米,2500
107002475632	,新康大楼,1室1厅,31平米,2000
SH0005529681	,阳光苑,3室1厅,15平米,2090
SH0005557517	,阳光苑,3室1厅,11平米,1760
SH0005556161	,昌里花园(二期),3室1厅,13平米,2590
SH0004915255	,博爱家园,4室1厅,14平米,2790
SH0005549559	,东方吉苑,4室1厅,9平米,1830
107100558544	,由由二村,1室0厅,38平米,3500
SH0004915254	,博爱家园,4室1厅,8平米,2090
SH0004802951	,成山小区,3室1厅,9平米,1990
SH0004880108	,凌霄苑,5室1厅,10平米,1890
SH0004880110	,凌霄苑,5室1厅,11平米,1690
SH0004849610	,盛族家园-悉尼阳光·悉尼星光,4室1厅,10平米,2390
SH0004901048	,东方丰甸苑(别墅),6室1厅,11平米,2390
SH0004811967	,都市庭院,4室1厅,12平米,2290
SH0004811969	,都市庭院,4室1厅,13平米,2490
SH0004880107	,凌霄苑,5室1厅,12平米,1790
SH0004905119	,盛源公寓,4室1厅,14平米,2790
SH0005538167	,盛源公寓,4室1厅,10平米,1830
SH0004905121	,盛源公寓,4室1厅,7平米,1690
SH0004849237	,金缘坊,3室1厅,9平米,1890
SH0004849238	,金缘坊,3室1厅,13平米,2690
107100217173	,欣兰苑,2室2厅,94平米,1200
107100581619	,东方城市豪庭,3室2厅,117平米,3500
107100564117	,天和湖滨家园(公寓),2室2厅,95平米,3800
107100504318	,思凡花苑六街坊,1室0厅,32平米,1500
107100547484	,永恒公寓,2室1厅,65平米,3200
107100523576	,曙光南桥小区,2室1厅,71平米,3500
107100369052	,祝安苑,2室1厅,96平米,1900
107002123136	,云树雅居,2室1厅,61平米,1500
107100566223	,潼港二村,1室1厅,42平米,2500
107100549210	,中虹家园,2室1厅,70平米,3300
SH0005527802	,陈家宅小区,1室1厅,41平米,3790
107100528366	,南杨小区(长清路),1室1厅,41平米,3800
SH0005507348	,东方城市花园(二期),4室1厅,14平米,3490
SH0005500744	,港机新村,1室1厅,36平米,3890
SH0004805417	,联丰新苑,1室1厅,42平米,3490
107100579900	,思凡花苑六街坊,1室1厅,51平米,1600
SH0004809563	,联洋年华,4室1厅,15平米,3360
SH0004809628	,新德佳苑,1室1厅,49平米,3660
SH0004885210	,胡姬花园,4室1厅,11平米,2990
SH0005496215	,东方丰甸苑(公寓),4室1厅,16平米,2990
SH0005496214	,东方丰甸苑(公寓),4室1厅,11平米,2590
107100541541	,高行绿洲(三期),1室1厅,51平米,3500
SH0005539431	,中新公寓,4室1厅,11平米,2360
SH0005519932	,罗山四村,3室1厅,7平米,2030
SH0005508180	,广洋苑,6室2厅,8平米,2030
SH0004911588	,绿波城,3室1厅,15平米,2090
SH0004883792	,玉兰香苑(一期),4室1厅,13平米,2730
SH0004945786	,金桂苑(浦东),5室1厅,12平米,2090
SH0004945795	,金桂苑(浦东),5室1厅,10平米,1890
SH0004945791	,金桂苑(浦东),5室1厅,10平米,2030
SH0005532987	,潍坊五村,2室1厅,14平米,2860
SH0004922309	,东三小区,1室1厅,35平米,3790
107100254539	,绿地景汇佳苑,2室2厅,96平米,3800
SH0005524429	,双桥小区,3室1厅,13平米,2230
SH0005531321	,玉兰香苑(二期),3室1厅,9平米,2360
SH0005516098	,玉兰香苑(三期),4室1厅,8平米,2030
SH0005518049	,玉兰香苑(四期),4室1厅,14平米,2890
SH0004899501	,玉兰香苑(二期),4室1厅,14平米,2590
SH0005539358	,金云苑,5室2厅,14平米,2690
SH0005501738	,佳洲欣苑,6室1厅,9平米,1490
SH0005536125	,上南翡翠苑,3室1厅,14平米,2330
SH0005144735	,保利金爵公寓,3室1厅,11平米,2090
SH0005507331	,汤巷馨村(二期),3室1厅,7平米,1490
SH0004811396	,大华锦绣华城(一街区),3室1厅,7平米,1890
107100578263	,东亚启航公馆,3室1厅,88平米,3800
SH0005168829	,苗桐佳苑,3室1厅,11平米,2460
SH0004868560	,"罗山五村,",3室1厅,10平米,2630
SH0005536286	,大华锦绣华城(一街区),3室1厅,11平米,2490
SH0005536287	,大华锦绣华城(一街区),3室1厅,7平米,1990
SH0005536288	,大华锦绣华城(一街区),3室1厅,10平米,2790
SH0004914668	,月亮湾园,3室1厅,13平米,2130
107100552792	,大同路347弄,1室1厅,41平米,2400
SH0005506404	,华港花园,4室1厅,12平米,2130
SH0005534701	,晶波坊,3室1厅,10平米,2060
SH0004865866	,保利金爵公寓,3室1厅,13平米,1860
SH0004920161	,东建新村,1室1厅,40平米,3830
SH0004897246	,新高桥春晖苑,4室1厅,15平米,1630
SH0004900749	,大华锦绣华城(一街区),3室1厅,12平米,2530
107100576266	,丽水雅苑北苑,3室1厅,86平米,1200
107100561773	,新德公寓(浦东),2室2厅,85平米,3800
107100529875	,恒纬家苑,2室1厅,79平米,2000
107100580535	,布鲁斯小镇(公寓),3室2厅,96平米,3000
107100428305	,新舒苑,2室1厅,65平米,1400
107100576242	,浦发绿城,2室2厅,79平米,3800
107100570179	,品臻国际公寓,1室1厅,55平米,3600
107100575679	,红光花苑,3室2厅,111平米,3000
107100077939	,万达广场(周浦),1室0厅,58平米,3000
107100567838	,彩虹雅苑,3室2厅,134平米,3200
107100566344	,万达广场(周浦),1室0厅,55平米,2900
107100498447	,翠珠大厦,2室1厅,73平米,3500
107100569210	,港机新村,1室1厅,39平米,3800
SH0005531034	,证大家园(公寓),4室1厅,17平米,2490
107100573976	,城南居委小区,2室0厅,36平米,2500
107100432249	,人生港湾南欧城,2室2厅,102平米,3200
107100503486	,远洋万和四季,3室2厅,90平米,1300
107100467334	,浦东颐景园,3室1厅,90平米,3500
107100572443	,文汇小区(浦东),1室1厅,45平米,3500
107002309270	,临园小区,1室1厅,43平米,2800
107100525541	,丝庐雅苑(公寓),2室2厅,88平米,2600
107100535634	,南杨小区(长清路),1室1厅,41平米,3900
SH0005494558	,双秀西园,3室1厅,16平米,1330
SH0005538219	,大华锦绣华城(四街区),4室1厅,8平米,1990
SH0005536883	,双秀西园,3室1厅,11平米,1660
SH0005348742	,香榭丽花园,4室1厅,10平米,3490
SH0004853086	,黄楼新世纪花苑,4室1厅,15平米,1490
SH0005553431	,新里城和合苑,3室1厅,14平米,2330
SH0004960015	,连城新苑,3室1厅,15平米,2060
SH0005526406	,樟盛苑,3室1厅,8平米,1860
SH0004912207	,大华锦绣华城(十九街区)(公寓),3室1厅,13平米,2290
SH0004908055	,益丰新村,3室1厅,15平米,2630
SH0004321838	,浦发绿城,3室1厅,14平米,1990
SH0005553158	,三林世博家园(大道站路94弄),3室1厅,8平米,1730
SH0005519487	,绿地康桥新苑,4室1厅,8平米,1190
SH0005311518	,大华锦绣华城(二街区),4室1厅,7平米,1990
SH0005554475	,三林新村(永泰路468弄),4室1厅,9平米,1630
SH0005515956	,城中花园,4室1厅,14平米,1760
SH0005534570	,莲康苑,4室1厅,8平米,1390
SH0005510710	,汇丽苑,4室1厅,15平米,1760
SH0004885207	,新德佳苑,4室1厅,16平米,1730
SH0004183415	,明珠苑(浦东),3室1厅,12平米,2060
SH0005556265	,万邦都市花园,4室1厅,16平米,3290
SH0004878154	,羽北小区,3室1厅,11平米,2830
SH0005503457	,中金海棠湾(公寓),3室1厅,11平米,1530
SH0005555613	,瀚盛家园,3室1厅,13平米,2130
SH0005378342	,三林世博家园(东书房路390弄),3室1厅,9平米,1690
107100529005	,祝和苑,3室2厅,105平米,3000
107100531377	,凯德新视界(二期),3室1厅,88平米,1800
107100225657	,德盈佳园,3室1厅,116平米,2500
107100409270	,鑫唐绿波庭,2室2厅,76平米,2300
107100272346	,车站南路3号,2室1厅,66平米,2000
107002548768	,东方城市豪庭,1室2厅,75平米,1800
107100407211	,祝康南苑,3室2厅,125平米,2900
107100523326	,白杨小区,1室1厅,49平米,3500
107100523403	,鹤鸣新苑二村,3室2厅,120平米,3000
107100530916	,甬申金地城,2室2厅,88平米,1500
107100054287	,远洋万和四季,3室2厅,120平米,1500
107100522167	,海尚康庭,2室1厅,72平米,3900
107100497020	,临沂二村,1室1厅,40平米,3500
107100517898	,金桥新村四街坊台儿庄小区,1室0厅,32平米,3800
107100490805	,新高桥春晖苑,1室1厅,66平米,3500
SH0005540084	,东方御水湾,3室1厅,11平米,1830
107100391082	,慧晶国际,2室1厅,42平米,3700
107100577188	,汇福家园兴盛里,2室1厅,77平米,2000
SH0005553157	,三林世博家园(大道站路94弄),3室1厅,18平米,2190
SH0005496588	,城中花园,4室1厅,12平米,1960
SH0005498293	,黄山始信苑,4室1厅,12平米,2230
SH0005508652	,瀚盛家园,4室1厅,10平米,1760
SH0005504748	,白杨小区,4室1厅,8平米,1830
SH0005556262	,锦绣一方名苑,4室1厅,10平米,2060
SH0005501789	,香榭丽花园,5室1厅,17平米,3790
SH0005499440	,永泰花苑,3室1厅,11平米,2290
SH0005333224	,瀚盛家园,3室1厅,10平米,1760
SH0005540284	,东城新村,3室1厅,14平米,2430
SH0005540285	,东城新村,3室1厅,11平米,2290
SH0005548493	,羽北小区,3室1厅,12平米,2960
SH0004915251	,蝶恋园,6室1厅,18平米,3090
SH0005546796	,由由三村,3室1厅,9平米,1790
SH0005510216	,黄山始信苑,3室1厅,8平米,2090
SH0005530243	,幸福小镇(公寓),4室1厅,15平米,1890
SH0004805707	,申城佳苑,4室1厅,11平米,1860
SH0004805784	,申城佳苑,3室1厅,6平米,1390
SH0004805946	,申城佳苑,3室1厅,7平米,1490
SH0004807429	,爱家亚洲花园,5室1厅,9平米,2190
SH0005492083	,申城佳苑,3室1厅,7平米,1430
SH0004871357	,申城佳苑,4室1厅,7平米,1360
SH0005524076	,东城新村,3室1厅,43平米,3190
SH0004804085	,申城佳苑,3室1厅,7平米,1390
SH0004921720	,杉林新月环林东路799弄,3室1厅,7平米,1890
SH0004810859	,东方龙苑,3室1厅,13平米,2390
SH0004808866	,万邦都市花园,3室1厅,18平米,3590
SH0004913304	,新世纪花苑(三期)(浦东),4室1厅,11平米,3490
SH0005516905	,申城佳苑,4室1厅,11平米,1990
SH0004901685	,蝶恋园,4室1厅,10平米,2260
SH0004901686	,蝶恋园,4室1厅,16平米,2560
SH0005508537	,中金海棠湾(公寓),4室1厅,9平米,1390
SH0005557521	,杉林新月环林东路875弄,4室1厅,12平米,2790
SH0005508531	,东方龙苑,4室1厅,10平米,2390
SH0004871625	,新世纪花苑(三期)(浦东),4室1厅,13平米,2330
SH0005508259	,蝶恋园,6室1厅,11平米,1890
SH0005505086	,锦绣小区,3室1厅,11平米,2590
SH0005505083	,锦绣小区,3室1厅,14平米,2660
SH0005554652	,绿地香颂(浦东)(公寓),3室1厅,11平米,1890
SH0005554654	,绿地香颂(浦东)(公寓),3室1厅,11平米,1760
SH0005549834	,东方悦居,3室1厅,12平米,2490
SH0005516528	,杉林新月环林东路799弄,3室1厅,12平米,2090
SH0005516530	,杉林新月环林东路799弄,3室1厅,11平米,2190
107100515047	,富特三村,2室1厅,57平米,3500
SH0005356136	,古银杏苑,3室1厅,8平米,2090
SH0005528513	,翔川家园,4室1厅,9平米,1890
SH0005524931	,东靖苑,3室1厅,13平米,1830
SH0005515510	,巨野公寓,3室1厅,10平米,2360
SH0005495519	,潍坊七村,2室1厅,15平米,3390
107100565823	,远洋万和四季,2室1厅,80平米,2100
SH0004803076	,南新一村(下南路161弄),3室1厅,10平米,1730
SH0005497542	,东方龙苑,3室1厅,18平米,3160
SH0005540281	,万邦都市花园,4室1厅,17平米,3960
SH0005522786	,汇丽苑,4室1厅,8平米,1290
SH0005504604	,万邦都市花园,3室1厅,11平米,3060
SH0004910973	,御桥花园,3室1厅,8平米,1630
SH0005532830	,锦博苑,4室1厅,13平米,2290
SH0005536118	,金禾新苑,3室1厅,10平米,2190
SH0005502408	,黄山始信苑,3室1厅,17平米,2590
SH0004925694	,中金海棠湾(公寓),4室1厅,16平米,1490
SH0004910455	,爱家亚洲花园,4室1厅,12平米,2160
SH0004924453	,聚龙家园,3室1厅,11平米,2060
SH0004796459	,惠扬大厦,3室1厅,12平米,2460
107100576173	,临沂八村,1室1厅,34平米,3700
107100550360	,富特四村,2室1厅,65平米,3500
107100508955	,中邦城市园,2室2厅,81平米,3200
107100564764	,城南小区,2室1厅,66平米,3100
107100580850	,禹洲商业广场,1室1厅,56平米,2600
107100580829	,禹洲商业广场,1室1厅,56平米,2600
107100562205	,德州四村,1室0厅,34平米,3300
107100386989	,梅花新村(惠南),2室1厅,63平米,2400
107100242064	,申达新村,2室1厅,66平米,2300
107100510353	,祝安苑,1室1厅,70平米,2000
SH0005558385	,东方御水湾,3室1厅,15平米,1990
107100500369	,南新四村,2室1厅,64平米,3700
SH0005535108	,上浦小区,3室1厅,8平米,1530
SH0004880103	,汤巷馨村(二期),4室1厅,12平米,1730
107100416401	,明天华城,2室2厅,88平米,3500
SH0005492602	,汤巷馨村(二期),4室1厅,7平米,1560
SH0005551724	,品翠苑,3室1厅,11平米,1990
107100544343	,布鲁斯小镇(公寓),2室2厅,101平米,1500
SH0005373087	,绿洲康城亲水湾(中央区),3室1厅,19平米,2360
SH0005523237	,顺馨佳园,4室1厅,11平米,1930
SH0005523235	,顺馨佳园,4室1厅,15平米,2330
SH0005523240	,顺馨佳园,4室1厅,11平米,1930
SH0005523236	,顺馨佳园,4室1厅,12平米,1730
SH0004951936	,川杨新苑(六期),3室1厅,9平米,1690
SH0005502443	,三杨新村一街坊,3室1厅,10平米,2430
SH0004950475	,环龙公寓,6室1厅,11平米,1890
SH0004950477	,环龙公寓,6室1厅,15平米,2490
SH0004952966	,保利金爵公寓,3室1厅,11平米,2030
SH0004952967	,保利金爵公寓,3室1厅,7平米,1730
SH0004911185	,恒大华城东林苑,3室1厅,7平米,1890
SH0005537583	,佳洲欣苑,4室1厅,13平米,1760
SH0005537585	,佳洲欣苑,4室1厅,16平米,1960
SH0005537584	,佳洲欣苑,4室1厅,11平米,1590
SH0004951201	,朱家滩小区,2室1厅,13平米,2990
SH0005537582	,佳洲欣苑,4室1厅,16平米,2360
SH0004925104	,海尚康庭,2室1厅,73平米,3790
SH0005495916	,心中家园,5室1厅,11平米,2830
SH0005495917	,心中家园,5室1厅,10平米,2630
SH0005495919	,心中家园,5室1厅,6平米,2330
SH0005517615	,川杨新苑(一期),4室1厅,13平米,2590
SH0004910153	,川杨新苑(一期),4室1厅,14平米,2130
SH0004910152	,川杨新苑(一期),4室1厅,8平米,1830
SH0005206453	,凌四小区,1室1厅,42平米,3960
SH0004952976	,明丰佳园,3室1厅,12平米,2490
SH0005141530	,竹园新村(浦东),2室1厅,9平米,2830
SH0005507009	,凯佳公寓,5室1厅,10平米,1530
SH0005147636	,浦发春晖新苑,4室1厅,9平米,1560
SH0005546381	,潍坊五村,2室1厅,17平米,3690
SH0004877301	,春港丽园(公寓),3室1厅,8平米,2090
SH0004877300	,春港丽园(公寓),3室1厅,8平米,2130
SH0004908626	,通联苑,3室1厅,14平米,2330
SH0004908627	,通联苑,3室1厅,11平米,2030
SH0004807949	,名嘉新苑,5室1厅,13平米,1930
SH0004919390	,崂山新村,2室1厅,8平米,2690
SH0005538224	,桃林公寓,4室1厅,12平米,2960
SH0005511811	,东方龙苑,4室1厅,15平米,2590
SH0004167357	,聚龙家园,4室1厅,11平米,2290
107100574652	,舒馨北苑,1室1厅,56平米,3800
107100133327	,长城珑湾,1室1厅,60平米,2700
107100570988	,龙源星城,2室2厅,101平米,2600
107100532073	,长城珑湾,1室1厅,60平米,2800
107100259881	,龙源星城,2室1厅,66平米,2400
107100579402	,华夏小区,1室1厅,30平米,2600
SH0004900686	,凌兆新村(凌兆路285弄),3室1厅,13平米,2130
SH0004815159	,三杨新村二街坊,3室1厅,6平米,1730
SH0004815160	,三杨新村二街坊,3室1厅,13平米,2390
SH0005364838	,富特三村,1室1厅,42平米,3400
SH0005373084	,川杨新苑(六期),4室1厅,10平米,1830
SH0005373083	,川杨新苑(六期),4室1厅,7平米,1630
SH0004886619	,汤巷馨村(二期),3室1厅,8平米,1460
SH0004899741	,中芯花园(公寓),3室1厅,15平米,3090
SH0005554301	,东方路3391弄,3室1厅,10平米,2160
SH0005528709	,恒大华城天地苑,4室1厅,16平米,3190
SH0005547904	,点睛苑,3室1厅,15平米,2790
SH0005546608	,妙境公寓,3室1厅,8平米,1830
SH0005547903	,点睛苑,3室1厅,11平米,2090
SH0005547902	,点睛苑,3室1厅,14平米,3190
SH0005546606	,妙境公寓,3室1厅,12平米,1730
SH0005546607	,妙境公寓,3室1厅,10平米,1560
SH0005542390	,潍坊三村,2室1厅,13平米,3090
SH0005536702	,菱翔苑,4室1厅,10平米,1330
SH0005523205	,莲康苑,3室1厅,16平米,1990
SH0005502169	,地杰国际城D街坊,3室1厅,8平米,1990
SH0005505084	,锦绣小区,3室1厅,10平米,2690
SH0005539561	,浦发绿城,3室1厅,9平米,1790
SH0005554667	,梅园三街坊,2室1厅,11平米,3390
SH0005554668	,梅园三街坊,2室1厅,12平米,3060
SH0005555414	,珠江玫瑰花园(公寓),3室1厅,12平米,2560
SH0005543791	,东方知音苑,4室1厅,10平米,2390
SH0005543792	,东方知音苑,4室1厅,9平米,2060
SH0005543793	,东方知音苑,4室1厅,16平米,2690
SH0005515250	,万邦都市花园,3室1厅,11平米,2990
SH0005507830	,万邦都市花园,4室1厅,9平米,2790
SH0005555413	,珠江玫瑰花园(公寓),3室1厅,13平米,2860
SH0005555415	,珠江玫瑰花园(公寓),3室1厅,14平米,2460
107100513059	,中汇花园(南汇),2室2厅,90平米,2200
107100543196	,芳华路673弄,1室1厅,50平米,3500
107100473351	,新高苑(一至三期),1室1厅,49平米,2400
107100581209	,祝和苑,2室1厅,65平米,1800
107100499245	,文汇小区(浦东),1室1厅,42平米,2900
107100544178	,学北路20弄,2室2厅,80平米,3500
107100534070	,泰燕华庭,2室2厅,93平米,2800
107100577060	,金钻苑,2室1厅,54平米,3600
107100579236	,崂山四村,1室1厅,33平米,3800
107100536164	,双桥小区,1室1厅,53平米,3900
SH0004803673	,申城佳苑,4室1厅,11平米,1760
SH0004803982	,申城佳苑,3室1厅,10平米,1790
SH0004936323	,申城佳苑,3室1厅,7平米,1390
SH0005517456	,白杨小区,3室1厅,9平米,1960
SH0005556790	,金唐公寓,3室1厅,9平米,1890
SH0005510287	,潍坊二村,2室1厅,10平米,2860
SH0005532555	,凤凰家园,4室1厅,11平米,2330
SH0005185988	,金橘新苑,3室1厅,10平米,2090
SH0004804311	,申城佳苑,3室1厅,7平米,1560
107100560690	,黄山新村,1室1厅,38平米,3800
107000763596	,民乐城惠益绿苑,2室1厅,79平米,2300
107100521281	,惠益新苑,2室1厅,78平米,2300
SH0004912962	,文化馨苑,4室1厅,11平米,2160
107100579342	,金桥新村四街坊(长岛路1201弄),1室1厅,50平米,3000
107100517106	,华钜御庭(二期)(公寓),3室1厅,91平米,3500
107100504524	,上南二村,1室0厅,30平米,3500
107100567591	,清风雅苑,1室1厅,64平米,1500
107100574000	,河滨小区,2室1厅,45平米,2800
107100520149	,公园新村,1室1厅,34平米,1000
SH0004914992	,莲鼎苑,6室1厅,20平米,2090
SH0005537261	,桃林公寓,4室1厅,12平米,3260
SH0004322566	,明丰花园,3室1厅,10平米,1690
SH0005516814	,惠扬大厦,3室1厅,11平米,2930
SH0004914023	,桃林公寓,4室1厅,12平米,3560
SH0005507343	,凤凰家园,4室1厅,17平米,2690
SH0005524029	,崮山小区一街坊,3室1厅,8平米,2090
SH0005370838	,幸福小镇(公寓),4室1厅,16平米,2230
SH0005530848	,博学家园,3室1厅,12平米,2190
SH0005555357	,梅园三街坊,3室1厅,6平米,2360
SH0005524350	,新里城和合苑,3室1厅,8平米,1830
SH0004952284	,爱家亚洲花园,3室1厅,9平米,2290
SH0005531564	,桃林公寓,4室1厅,10平米,2890
SH0005371715	,桃林公寓,3室1厅,14平米,2660
SH0004322865	,城林雅苑,3室1厅,6平米,1630
SH0005523888	,青厦小区,3室1厅,10平米,2190
107100582604	,荡湾新村,2室1厅,50平米,1900
SH0005554619	,梅园七街坊,2室1厅,9平米,3030
SH0005547163	,益丰新村,3室1厅,14平米,2660
SH0004952282	,新里城和合苑,3室1厅,11平米,1890
SH0004801565	,益丰新村,3室1厅,15平米,2190
SH0004805785	,申城佳苑,3室1厅,10平米,1860
SH0004806155	,申城佳苑,3室1厅,6平米,1390
SH0004879732	,欣晟家园,4室1厅,10平米,2190
SH0004921719	,杉林新月环林东路799弄,3室1厅,11平米,2260
SH0004804626	,申城佳苑,3室1厅,7平米,1430
SH0004815399	,申城佳苑,3室1厅,13平米,1730
SH0004847783	,爱家亚洲花园,3室1厅,12平米,2590
107100541484	,船舶新村,1室0厅,32平米,3400
SH0005522043	,博学家园,3室1厅,7平米,1890
SH0005534709	,昌里花园,4室1厅,13平米,3530
SH0005138339	,东珂花苑,4室1厅,6平米,2460
SH0004161009	,花木苑,4室1厅,13平米,2590
SH0005509378	,花木苑,4室1厅,13平米,2590
SH0005555350	,崮山小区二街坊,3室1厅,8平米,2360
SH0004876443	,弘扬雅苑,4室1厅,15平米,2330
107100530290	,海霞新苑,2室1厅,83平米,1500
SH0005500733	,崮山小区一街坊,3室1厅,9平米,1860
SH0005530120	,中金海棠湾(公寓),4室1厅,14平米,1890
SH0005497115	,巨东小区,3室1厅,6平米,1830
SH0005525425	,羽北小区,3室1厅,7平米,2290
SH0005508603	,巨东小区,3室1厅,14平米,2490
SH0005327700	,明珠花苑(浦东),4室1厅,10平米,2660
SH0005541728	,未来域,4室1厅,10平米,1890
SH0005515312	,崮山小区二街坊,3室1厅,8平米,2190
SH0004889094	,崂山新村,2室1厅,10平米,2590
107100522837	,沙田公寓,1室1厅,55平米,3500
107100512313	,兰城小区,1室1厅,39平米,2700
107100377336	,崂山二村,1室0厅,29平米,3800
